Title,Display Title,File Name,Description,Modified On,Copyright Notes,Additional Notes,Year Published,Reviewed On,Active,Duplicatable,Filesize,Collection Type,Author,Rights Holder,Rights Statement,Library User,Education Level,Subject,Subcategory,Keywords,Resource Type,Format,Language
Acute Lymphoblastic Leukemia in Children ,Acute Lymphoblastic Leukemia in Children ,Acute Lymphoblastic Leukemia in Children 2026.pdf,"This patient guideline explains the diagnosis, treatment, and supportive care for children and young adults with acute lymphoblastic leukemia (ALL). Created by the National Comprehensive Cancer Network (NCCN), it offers guidance for caregivers on clinical trials, side effects, and survivorship in a clear and supportive format. ",,,,2026,,True,False,2505305,Hopi Cancer Library ,National Comprehensive Cancer Network ,National Comprehensive Cancer Network ,All rights reserved - permission granted to share on SolarSPELL library for educational purposes only.,Community Member | Community Health Educator | Student | Nursing Student | Patient ,Adult | Community Training  | Undergraduate | Graduate/Professional,General Medicine,Noncommunicable Diseases | Oncology,Patient Education | Cancer  | cancer screening | Blood Cancer  | Leukemia  | Healthcare | Oncology | Diagnosis   | cancer diagnosis  | Guidelines | Clinical Guidelines | Education,Educational Fact Sheet,PDF,English
Acute Myeloid Leukemia ,Acute Myeloid Leukemia,Acute Myeloid Leukemia 2026.pdf,"This comprehensive patient guideline provides detailed information for patients diagnosed with acute myeloid leukemia (AML), including its subtypes such as APL and BPDCN. It explains testing, treatment phases, supportive care, and patients' rights in clear, accessible language based on the latest clinical guidelines. ",,,,2026,,True,False,3183884,Hopi Cancer Library ,National Comprehensive Cancer Network ,National Comprehensive Cancer Network ,All rights reserved - permission granted to share on SolarSPELL library for educational purposes only.,Health Professional | Nursing Student | Community Member | Patient  | Community Health Educator,Community Training  | Adult | Undergraduate | Graduate/Professional,General Medicine,Noncommunicable Diseases | Oncology,Cancer  | cancer screening | Blood Cancer  | Leukemia  | Oncology | Patient Education | Guidelines | Clinical Guidelines | Diagnosis   | Education | Acute Myeloid Leukemia | AML | Healthcare | cancer diagnosis ,Educational Fact Sheet,PDF,English
Adrenal Tumors ,Adrenal Tumors,Adrenal Tumors 2026.pdf,"This patient guideline provides patient-friendly information on adrenal tumors, including diagnosis, treatment options, and supportive care. It addresses various tumor types, including adrenocortical carcinoma, pheochromocytoma, and others, with clear explanations of symptoms, tests, and treatment choices. ",,,,2026,,True,False,1959951,Hopi Cancer Library ,National Comprehensive Cancer Network ,National Comprehensive Cancer Network ,All rights reserved - permission granted to share on SolarSPELL library for educational purposes only.,Adults | Student | Patient  | Community Member | Community Health Educator | Health Professional | Health Educators,Adult Education | Community Training  | Undergraduate | Graduate/Professional | Adult,General Medicine,Noncommunicable Diseases | Oncology,Cancer  | Health | Adrenal Cancer  | Tumor | cancer screening | Oncology | Treatment | Patient Care | Healthcare | Education | Patient Education | Guidelines | Clinical Guidelines | management,Educational Fact Sheet,PDF,English
Anal Cancer ,Anal Cancer,Anal Cancer 2026.pdf,"This patient guideline provides patients with essential information about anal cancer, including risk factors, diagnosis, staging, treatment options, and survivorship care. It explains treatment strategies for both localized and metastatic disease and emphasizes patient empowerment and informed decision-making. ",,,,2026,,True,False,2359444,Hopi Cancer Library ,National Comprehensive Cancer Network ,National Comprehensive Cancer Network ,All rights reserved- permission granted to share for educational purposes,Adults | Student | Patient  | Community Member | Community Health Educator | Health Professional | Health Educators,Adult Education | Community Training  | Undergraduate | Graduate/Professional | Adult,General Medicine,Noncommunicable Diseases | Oncology,Cancer  | Anal Cancer | Health | Metastatic | cancer screening | Oncology | Treatment | Patient Education | Guidelines | Clinical Guidelines | management | Healthcare | Patient Care | Education,Educational Fact Sheet,PDF,English
Basal Cell Skin Cancer 2026,Basal Cell Skin Cancer,Basal Cell Skin Cancer 2026.pdf,"This patient guideline provides clear, easy-to-understand information for patients diagnosed with basal cell skin cancer. It explains the causes, risk factors, treatment options (including surgery, topical therapy, radiation, and clinical trials), and how to manage follow-up care and recurrence. ",,,,2026,,True,False,1210395,Hopi Cancer Library ,National Comprehensive Cancer Network ,National Comprehensive Cancer Network ,All rights reserved - permission granted to share on SolarSPELL library for educational purposes only.,Adults | Community Member | Student | Community Health Educator | Patient  | Health Educators | Health Professional,Adult Education | Adult | Community Training  | Undergraduate | Graduate/Professional,General Medicine,Noncommunicable Diseases | Oncology,Cancer  | Basal Cell | Skin Cancer | Skin   | cancer screening | Treatment | Oncology | Patient Care | Healthcare | Education | Patient Education | Guidelines | Clinical Guidelines | management,Educational Fact Sheet,PDF,English
Bladder Cancer 2026,Bladder Cancer,Bladder Cancer 2026.pdf,"This patient guideline offers detailed, easy-to-understand information for patients diagnosed with bladder cancer, including its types, staging, and treatment options. It provides step-by-step explanations of surgical, systemic, and supportive care strategies, as well as guidance on managing side effects and making informed treatment decisions. ",,,,2026,,True,False,2891106,Hopi Cancer Library ,National Comprehensive Cancer Network ,National Comprehensive Cancer Network ,All rights reserved - permission granted to share on SolarSPELL library for educational purposes only.,Adults | Student | Patient  | Community Member | Community Health Educator | Health Educators | Health Professional,Adult Education | Adult | Undergraduate | Graduate/Professional | Community Training ,General Medicine,Noncommunicable Diseases | Oncology,Bladder Cancer | Bladder | Cancer  | Health | Treatment | management | cancer screening | Oncology | Patient Care | Education | Healthcare | Patient Education | Guidelines | Clinical Guidelines,Educational Fact Sheet,PDF,English
Bone Cancer 2026,Bone Cancer,Bone Cancer 2026.pdf,"This comprehensive patient guideline provides patient-centered information on various types of bone cancer, including chondroscarcoma, osteosarcoma, Ewing sarcoma, chordoma, and giant cell tumor of bone. It explains the biology, diagnostic testing, staging, treatment options, and post-treatment care in an accessible and supportive treatment. ",,,,2026,,True,False,1565798,Hopi Cancer Library ,National Comprehensive Cancer Network ,National Comprehensive Cancer Network ,All rights reserved - permission granted to share on SolarSPELL library for educational purposes only.,Adults | Student | Patient  | Community Member | Community Health Educator | Health Educators | Health Professional,Adult | Adult Education | Community Training  | Undergraduate | Graduate/Professional,General Medicine,Noncommunicable Diseases | Oncology,Cancer  | Bone Cancer | Ewing Sarcoma | Tumor | cancer screening | Oncology | Treatment | management | Clinical Guidelines | Guidelines | Education | Patient Care | Healthcare,Educational Fact Sheet,PDF,English
Breast Cancer - Ductal Carcinoma in Situ ,Breast Cancer - Ductal Carcinoma in Situ,Breast Cancer - Ductal Carcinoma In Situ 2026.pdf,"This patient guideline explains ductal carcinoma in situ (DCIS), an early, noninvasive form of breast cancer. It provides information on testing, treatment options (including lumpectomy, mastectomy, and endocrine therapy), and follow-up care to help patients make informed decisions. ",,,,2026,,True,False,2170790,Hopi Cancer Library ,National Comprehensive Cancer Network ,National Comprehensive Cancer Network ,All rights reserved - permission granted to share on SolarSPELL library for educational purposes only.,Adults | Student | Patient  | Community Member | Community Health Educator | Health Professional | Health Educators,Adult Education | Community Training  | Undergraduate | Graduate/Professional | Adult,General Medicine,Noncommunicable Diseases | Oncology,Cancer  | Breast Cancer | Ductal Carcinoma | Carcinoma | cancer screening | Oncology | Treatment | management | Patient Care | Healthcare | Education | Patient Education | Guidelines | Clinical Guidelines | Lumpectomy | Mastectomy,Educational Fact Sheet,PDF,English
Breast Cancer - Inflammatory Breast Cancer ,Breast Cancer - Inflammatory Breast Cancer,Breast Cancer - Inflammatory Breast Cancer 2026.pdf,"This patient guideline explains inflammatory breast cancer (IBC), a rare and aggressive form of breast cancer characterized by redness, swelling, and skin changes. It covers diagnosis, staging, treatment options, supportive care, and reconstruction choices using accessible language and visual aids. ",,,,2026,,True,False,2337794,Hopi Cancer Library ,National Comprehensive Cancer Network ,National Comprehensive Cancer Network ,All rights reserved - permission granted to share on SolarSPELL library for educational purposes only.,Adults | Student | Patient  | Community Member | Health Educators | Health Professional | Community Health Educator,Adult Education | Adult | Community Training  | Undergraduate | Graduate/Professional,General Medicine,Noncommunicable Diseases | Oncology,Breast Cancer | Cancer  | Inflammatory | Health | Treatment | management | cancer screening | Oncology | Clinical Guidelines | Guidelines | Patient Care | Education | Patient Education,Educational Fact Sheet,PDF,English
Breast Cancer - Invasive Breast Cancer,Breast Cancer - Invasive Breast Cancer,Breast Cancer - Invasive Breast Cancer 2026.pdf,"This comprehensive patient guideline helps patients understand invasive breast cancer, including diagnosis, staging, treatment options (surgery, chemotherapy, endocrine therapy, radiation), and long-term survivorship care. It also explains HER2 and hormone receptor status, and offers practical advice on fertility, side effects, and decision-making. ",,,,2026,,True,False,3175369,Hopi Cancer Library ,National Comprehensive Cancer Network ,National Comprehensive Cancer Network ,All rights reserved - permission granted to share on SolarSPELL library for educational purposes only.,Adults | Student | Patient  | Community Member | Health Educators | Health Professional | Community Health Educator,Adult Education | Community Training  | Undergraduate | Graduate/Professional | Adult,General Medicine,Noncommunicable Diseases | Oncology,Breast Cancer | Cancer  | Chemotherapy | HER2 | Staging | Guidelines | Clinical education | Clinical Guidelines | Education | Patient Education | management | Treatment | Healthcare | cancer screening | Invasive,Educational Fact Sheet,PDF,English
Breast Cancer - Metastatic Breast Cancer,Breast Cancer - Metastatic Breast Cancer,Breast Cancer - Metastatic Breast Cancer 2026.pdf,"This patient guideline offers in-depth information for patients diagnosed with metastatic (Stage IV) breast cancer, covering diagnosis, testing, treatment options, side effects, and long-term care. It explains HER2, hormone receptor status, and personalized therapies to help patients make informed decisions with their care team. ",,,,2026,,True,False,2401254,Hopi Cancer Library ,National Comprehensive Cancer Network ,National Comprehensive Cancer Network ,All rights reserved - permission granted to share on SolarSPELL library for educational purposes only.,Adults | Student | Patient  | Community Member | Health Educators | Health Professional | Community Health Educator,Adult | Adult Education | Undergraduate | Graduate/Professional | Community Training  | A1,General Medicine,Noncommunicable Diseases | Oncology,Breast Cancer | Breast | HER2 | Metastatic | Cancer  | cancer screening | Oncology | Guidelines | Clinical Guidelines | Education | Healthcare | Patient Education | Treatment | management,Educational Fact Sheet,PDF,English
Acute Lymphoblastic Leukemia 2026,Acute Lymphoblastic Leukemia,Acute Lymphoblastic Leukemia 2026.pdf,"This comprehensive patient guideline from the National Comprehensive Cancer Network (NCCN) explains diagnosis, treatment options, and supportive care for adults with acute lymphoblastic leukemia (ALL). It includes patient-friendly descriptions of complex medical procedures, treatment phases, genetic testing, and strategies for managing symptoms and side effects. ",,,,2026,,True,False,3051074,Hopi Cancer Library ,National Comprehensive Cancer Network ,National Comprehensive Cancer Network ,All rights reserved - permission granted to share on SolarSPELL library for educational purposes only.,Adults | Student | Patient  | Community Member | Community Health Educator | Health Educators | Health Professional,Adult | Adult Education | Undergraduate | Graduate/Professional | Community Training ,General Medicine,Noncommunicable Diseases | Oncology,Cancer  | Health | Blood Cancer  | Leukemia  | Acute Lymphoblastic Leukemia | Oncology | Treatment | management | Clinical guideline | Clinical education | Education | Patient Education | Patient Care,Educational Fact Sheet,PDF,English
Cervical Cancer 2026,Cervical Cancer,Cervical Cancer 2026.pdf,"This detailed patient guideline helps patients understand cervical cancer, from how it starts to testing, staging, treatment, and survivorship care. It covers both common types, such as squamous cell carcinoma, and rarer types, such as neuroendocrine carcinoma, with accessible explanations and support resources for patients and caregivers. ",,,,2026,,True,False,4246835,Hopi Cancer Library ,National Comprehensive Cancer Network ,National Comprehensive Cancer Network ,All rights reserved - permission granted to share on SolarSPELL library for educational purposes only.,Adults | Student | Patient  | Community Member | Community Health Educator | Health Educators | Health Professional,Adult Education | Adult | Community Training  | Undergraduate | Graduate/Professional,General Medicine,Noncommunicable Diseases | Oncology,Cancer  | Cervical Cancer | Cervical | HPV | Oncology | Patient Education | Clinical guideline | Clinical education | Education | Healthcare | Guidelines | Treatment | management,Educational Fact Sheet,PDF,English
Chronic Lymphocytic Leukemia 2026,Chronic Lymphocytic Leukemia,Chronic Lymphocytic Leukemia 2026.pdf,"This patient guideline explains chronic lymphocytic leukemia (CLL), including symptoms, diagnosis, biomarker testing, treatment options, and follow-up care. It also covers supportive care, Richter transformation, and decision-making guidance, empowering patients to participate in their cancer journey.",,,,2026,,True,False,2142299,Hopi Cancer Library ,National Comprehensive Cancer Network ,National Comprehensive Cancer Network ,All rights reserved - permission granted to share on SolarSPELL library for educational purposes only.,Adults | Students | Patient  | Community Health Educator | Health Educators | Health Professional | Community Member,Adult | Adult Education | Undergraduate | Graduate/Professional | Community Training ,General Medicine,Noncommunicable Diseases | Oncology,Cancer  | Blood Cancer  | Leukemia  | CLL | cancer diagnosis  | management | Treatment | Patient Education | Clinical Guidelines | Guidelines | Health | Healthcare | Patient Care | cancer screening | Oncology,Educational Fact Sheet,PDF,English
Chronic Myeloid Leukemia 2026,Chronic Myeloid Leukemia,Chronic Myeloid Leukemia 2026.pdf,"This patient guideline explains chronic myeloid leukemia (CML), its causes, diagnostic testing, phases of progression, and available treatment, including tyrosine kinase inhibitors (TKIs), stem cell transplant, and clinical trials. It provides clear explanations of biomarkers, response milestones, supportive care, and treatment-free remission options to help patients actively participate in their care. ",,,,2026,,True,False,3554268,Hopi Cancer Library ,National Comprehensive Cancer Network ,National Comprehensive Cancer Network ,All rights reserved - permission granted to share on SolarSPELL library for educational purposes only.,Adults | Student | Patient  | Community Member | Community Health Educator | Health Educators | Health Professional,Adult | Adult Education | Undergraduate | Graduate/Professional | Community Training ,General Medicine,Noncommunicable Diseases | Oncology,GI cancer | Leukemia  | CML | Tyrosine Kinase Inhibitors | TKI | Stem Cell | Oncology | Patient Care | Patient Education | management | Treatment | Cancer Treatment | Guidelines | Clinical guideline,Educational Fact Sheet,PDF,English
Colon Cancer 2026,Colon Cancer,Colon Cancer 2026.pdf,"This patient guideline offers detailed information on colon cancer, from ealry detection and biomarker testing to treatment options and survivorship planning. It explains surgery, chemotherapy, targeted therapies, and support for side effects, using easy-to-understand language and visuals to help patients make informed decisions. ",,,,2026,,True,False,1453179,Hopi Cancer Library ,National Comprehensive Cancer Network ,National Comprehensive Cancer Network ,All rights reserved - permission granted to share on SolarSPELL library for educational purposes only.,Student | Adults | Patient  | Community Member | Health Educators | Healthcare Professional | Community Health Educator,Undergraduate | Graduate/Professional | Adult | Adult Education | Community Training ,General Medicine,Noncommunicable Diseases | Oncology,Cancer  | Colon | Colon Cancer | Oncology | cancer screening | Education | Guidelines | Clinical Guidelines | Patient Care | Patient Education | management | Treatment | cancer diagnosis ,Educational Fact Sheet,PDF,English
Diffuse Large B-Cell Lymphoma 2026,Diffuse Large B-Cell Lymphoma,Diffuse Large B-Cell Lymphoma 2026.pdf,"This patient guideline provides patient-friendly information on Diffuse Large B-Cell Lymphoma, including diagnosis, treatment options, types, stages, and supportive care. ",,,,2026,,True,False,3620167,Hopi Cancer Library ,National Comprehensive Cancer Network ,National Comprehensive Cancer Network ,All rights reserved - permission granted to share on SolarSPELL library for educational purposes only.,Patient  | Adults | Student | Community Member | Health Educators | Healthcare Professional | Community Health Educator,Undergraduate | Graduate/Professional | Adult | Adult Education | Community Training ,General Medicine,Noncommunicable Diseases | Oncology,Cancer  | Lymphoma | B-Cell | Oncology | Healthcare | cancer screening | cancer diagnosis  | Cancer Testing | Patient Education | Treatment | management | Guidelines | Clinical Guidelines,Educational Fact Sheet,PDF,English
Esophageal Cancer 2026,Esophageal Cancer ,Esophageal Cancer 2026.pdf,"A National Comprehensive Care Network (NCCN) patient guideline on esophageal cancer. This guide highlights cancer physiology, prevention, diagnosis, and treatment options. ",,,,2026,,True,False,5425278,Hopi Cancer Library ,National Comprehensive Cancer Network ,National Comprehensive Cancer Network ,All rights reserved - permission granted to share on SolarSPELL library for educational purposes only.,Adults | Student | Patient  | Community Member | Health Educators | Healthcare Professional | Community Health Educator,Graduate/Professional | Undergraduate | Adult | Adult Education | Community Training ,General Medicine,Noncommunicable Diseases | Oncology,Oncology | Cancer  | Esophageal | Esophageal Cancer  | Patient Care | Patient Education | Guidelines | Clinical Guidelines | Treatment | management | cancer diagnosis  | Cancer Treatment | Cancer Testing,Educational Fact Sheet,PDF,English
Follicular Lymphoma 2026,Follicular Lymphoma 2026,Follicular Lymphoma 2026.pdf,"National Comprehensive Cancer Network (NCCN) patient guideline on follicular lymphoma. This guideline covers cancer physiology, prevention, diagnosis, and treatment. ",,,,2026,,True,False,3122147,Hopi Cancer Library ,National Comprehensive Cancer Network ,National Comprehensive Cancer Network ,All rights reserved - permission granted to share on SolarSPELL library for educational purposes only.,Adults | Patient  | Community Member | Health Educators | Healthcare Professional | Community Health Educator,Undergraduate | Graduate/Professional | Adult | Adult Education | Community Training ,General Medicine,Noncommunicable Diseases | Oncology,Cancer  | cancer diagnosis  | Cancer Treatment | Cancer Testing | Lymphoma | Follicular Lymphoma | Testing | management | Treatment | Oncology | Guidelines | Clinical guideline | Clinical education | Patient Education | Patient Care,Educational Fact Sheet,PDF,English
Gallbladder and Bile Duct Cancers 2026,Gallbladder and Bile Duct Cancers,Gallbladder and Bile Duct Cancers 2026.pdf,"National Comprehensive Care Network (NCCN) patient guideline that covers gallbladder and bile duct cancers. This guide reviews cancer physiology, prevention, diagnosis, and treatment. ",,,,2026,,True,False,2323059,Hopi Cancer Library ,National Comprehensive Cancer Network ,National Comprehensive Cancer Network ,All rights reserved - permission granted to share on SolarSPELL library for educational purposes only.,Adults | Student | Patient  | Community | Health Educators | Healthcare Professional | Community Health Educator | Community Member,Undergraduate | Graduate/Professional | Adult | Adult Education | Community Training ,General Medicine,Noncommunicable Diseases | Oncology,Cancer  | Gallbladder | Gallbladder Cancer | Bile Duct | Bile Duct Cancer | Treatment | Patient Education | Guidelines | Clinical guideline | Clinical education | Patient Care | cancer screening | Cancer Treatment | Cancer Testing,Educational Fact Sheet,PDF,English
Hodgkin Lymphoma in Children 2026,Hodgkin Lymphoma in Children,Hodgkin Lymphoma in Children 2026.pdf,"This patient guide provides clear, accessible information on children, adolescents, and young adults diagnosed with Hodgkin Lymphoma. It explains symptoms, staging, types, testing, treatment, relapse care, and long-term follow-up in language designed to support patient and caregiver decision-making. ",,,,2026,,True,False,1266022,Hopi Cancer Library ,National Comprehensive Cancer Network ,National Comprehensive Cancer Network ,All rights reserved - permission granted to share on SolarSPELL library for educational purposes only.,Adults | Student | Community | Community Member | Health Educators | Healthcare Professional | Community Health Educator,Adult | Adult Education | Community Training  | Undergraduate | Graduate/Professional,General Medicine,Noncommunicable Diseases | Oncology,Cancer  | Oncology | Hodgkin Lymphoma | Lymphoma | cancer screening | Cancer Testing | Cancer Treatment | Children | Guidelines | Clinical Guidelines | Patient Care | Patient Education | Education | management | Treatment,Educational Fact Sheet,PDF,English
Kidney Cancer 2026,Kidney Cancer,Kidney Cancer 2026.pdf,"National Comprehensive Cancer Network (NCCN) patient guideline on Kidney Cancer. This guideline provides education on cancer physiology, testing, diagnosis, stages, and treatment options. ",,,,2026,,True,False,3142062,Hopi Cancer Library ,National Comprehensive Cancer Network ,National Comprehensive Cancer Network ,All rights reserved - permission granted to share on SolarSPELL library for educational purposes only.,Student | Patient  | Adults | Community | Community Health Educator | Community Member | Health Educators | Healthcare Professional,Adult Education | Community Training  | Undergraduate | Graduate/Professional | Adult,General Medicine,Noncommunicable Diseases | Oncology,Cancer  | Kidney Cancer | Kidney | Oncology | Cancer Testing | Cancer Treatment | Treatment | management | Education | Patient Education | Guidelines | Clinical Guidelines | Healthcare | Patient Care,Educational Fact Sheet,PDF,English
Liver Cancer 2026,Liver Cancer ,Liver Cancer 2026.pdf,"National Comprehensive Cancer Network (NCCN) patient guideline on Liver Cancer. This guideline provides education on cancer physiology, testing, diagnosis, stages, and treatment options. ",,,,2026,,True,False,1345962,Hopi Cancer Library ,National Comprehensive Cancer Network ,National Comprehensive Cancer Network ,All rights reserved - permission granted to share on SolarSPELL library for educational purposes only.,Adults | Student | Community Member | Community | Patient  | Health Educators | Healthcare Professional | Community Health Educator,Adult | Adult Education | Undergraduate | Graduate/Professional | Community Training ,General Medicine,Noncommunicable Diseases | Oncology,Cancer  | Liver Cancer | Liver | Cancer Testing | Cancer Treatment | Oncology | Patient Education | management | Treatment | Patient Care | Guidelines | Clinical guideline,Educational Fact Sheet,PDF,English
Mantle Cell Lymphoma 2026,Mantle Cell Lymphoma,Mantle Cell Lymphoma 2026.pdf,"National Comprehensive Cancer Network (NCCN) patient guideline on Mantle Cell Lymphoma. This guideline provides education on cancer physiology, testing, diagnosis, stages, and treatment options. ",,,,2026,,True,False,1277350,Hopi Cancer Library ,National Comprehensive Cancer Network ,National Comprehensive Cancer Network ,All rights reserved - permission granted to share on SolarSPELL library for educational purposes only.,Adults | Student | Patient  | Community | Community Member | Health Educators | Healthcare Professional | Community Health Educator,Undergraduate | Graduate/Professional | Adult | Adult Education | Community Training ,General Medicine,Noncommunicable Diseases | Oncology,Cancer  | Oncology | Mantle Cell Lymphoma | Mantle Cell | Lymphoma | Cancer Testing | Cancer Treatment | Healthcare | Education | Patient Education | Treatment | Guidelines | Clinical guideline,Educational Fact Sheet,PDF,English
Marginal Zone Lymphomas 2026,Marginal Zone Lymphomas,Marginal Zone Lymphomas 2026.pdf,"National Comprehensive Cancer Network (NCCN) patient guideline on Marginal Zone Lymphomas. This guideline provides education on cancer physiology, testing, diagnosis, stages, and treatment options. ",,,,2026,,True,False,1838360,Hopi Cancer Library ,National Comprehensive Cancer Network ,National Comprehensive Cancer Network ,All rights reserved - permission granted to share on SolarSPELL library for educational purposes only.,Adults | Community | Community Member | Health Educators | Healthcare Professional | Community Health Educator,Adult | Adult Education | Community Training  | Undergraduate | Graduate/Professional,General Medicine,Noncommunicable Diseases | Oncology,Oncology | Marginal Zone Lymphoma | Lymphoma | Guidelines | Clinical guideline | Patient Care | Cancer Testing | Cancer Treatment | Treatment | management | Patient Education | Education,Educational Fact Sheet,PDF,English
Melanoma 2026,Melanoma,Melanoma 2026.pdf,"National Comprehensive Cancer Network (NCCN) patient guideline on Melanoma. This guideline provides education on cancer physiology, testing, diagnosis, stages, and treatment options. ",,,,2026,,True,False,3735566,Hopi Cancer Library ,National Comprehensive Cancer Network ,National Comprehensive Cancer Network ,All rights reserved - permission granted to share on SolarSPELL library for educational purposes only.,Adults | Student | Community | Community Member | Health Educators | Healthcare Professional | Community Health Educator | Patient ,Adult | Adult Education | Community Training  | Undergraduate | Graduate/Professional,General Medicine,Noncommunicable Diseases | Oncology,Cancer  | Oncology | Cancer Testing | Cancer Treatment | Skin Cancer | Melanoma | Patient Education | Health  | Healthcare | Treatment | management | Guidelines | Clinical Guidelines,Educational Fact Sheet,PDF,English
Mouth Cancer 2025,Mouth Cancer,Mouth Cancer 2025.pdf,"National Comprehensive Cancer Network (NCCN) patient guideline on mouth Cancer. This guideline provides education on cancer physiology, testing, diagnosis, stages, and treatment options. ",,,,2025,,True,False,2425557,Hopi Cancer Library ,National Comprehensive Cancer Network ,National Comprehensive Cancer Network ,All rights reserved - permission granted to share on SolarSPELL library for educational purposes only.,Adults | Student | Patient  | Community Member | Community Health Educator | Health Educators | Healthcare Professional | Community,Adult Education | Adult | Undergraduate | Graduate/Professional | Community Training ,General Medicine,Noncommunicable Diseases | Oncology,Cancer  | Mouth | Mouth Cancer | Oral | Patient Education | Healthcare | Guidelines | Clinical Guidelines | Education | Treatment | management | Oncology | Cancer Testing | Cancer Treatment,Educational Fact Sheet,PDF,English
Multiple Myeloma 2026,Multiple Myeloma,Multiple Myeloma 2026.pdf,"National Comprehensive Cancer Network (NCCN) patient guideline on Multiple Myeloma. This guideline provides education on cancer physiology, testing, diagnosis, stages, and treatment options. ",,,,2026,,True,False,3907368,Hopi Cancer Library ,National Comprehensive Cancer Network ,National Comprehensive Cancer Network ,All rights reserved - permission granted to share on SolarSPELL library for educational purposes only.,Adults | Student | Patient  | Community Member | Health Educators | Community Health Educator | Healthcare Professional,Graduate/Professional | Undergraduate | Community Training  | Adult | Adult Education,General Medicine,Noncommunicable Diseases | Oncology,Oncology | Cancer  | Multiple Myeloma | Blood Cancer  | Clinical Guidelines | Clinical education | management | Treatment | cancer diagnosis  | Cancer Testing | Cancer Treatment | Guidelines | Patient Education | Healthcare,Educational Fact Sheet,PDF,English
Myelodysplastic Syndromes 2026,Myelodysplastic Syndromes,Myelodysplastic Syndromes 2026.pdf,"This patient guideline explains myelodysplastic syndromes (MDS), a group of rare blood cancers that affect how bone marrow produces healthy blood cells. It provides information about types, testing, treatment options, risk scoring, supportive care, and decision-making in an easy-to-understand format for patients and caregivers. ",,,,2026,,True,False,1036630,Hopi Cancer Library ,National Comprehensive Cancer Network ,National Comprehensive Cancer Network ,All rights reserved - permission granted to share on SolarSPELL library for educational purposes only.,Adults | Student | Patient  | Community | Community Member | Health Educators | Healthcare Professional | Community Health Educator,Undergraduate | Graduate/Professional | Adult | Adult Education | Community Training ,General Medicine,Noncommunicable Diseases | Oncology,Cancer  | Blood Cancer  | Health  | Healthcare | Treatment | management | Guidelines | Clinical Guidelines | Patient Care | Cancer Treatment | Cancer Testing | Education | Patient Education,Educational Fact Sheet,PDF,English
Myeloproliferative Neoplasms 2026,Myeloproliferative Neoplasms,Myeloproliferative Neoplasms 2026.pdf,"This patient guide explains myeloproliferative neoplasms (MPNs), a group of rare blood cancers that develop in the bone marrow and often cause overproduction of blood cells. It covers testing, diagnosis, risk assessment, treatment options, symptom management, and patient self-advocacy in clear, patient-centered language. ",,,,2026,,True,False,1856636,Hopi Cancer Library ,National Comprehensive Cancer Network ,National Comprehensive Cancer Network ,All rights reserved - permission granted to share on SolarSPELL library for educational purposes only.,Adults | Student | Patient  | Community Health Educator | Community Member | Health Educators | Community | Health Professional,Adult Education | Adult | Community Training  | Undergraduate | Graduate/Professional,General Medicine,Noncommunicable Diseases | Oncology,Oncology | Cancer  | Cancer Testing | Cancer Treatment | Patient Education | Clinical guideline | Guidelines | Patient Care | Healthcare | Treatment | management | Blood Cancer  | Education,Educational Fact Sheet,PDF,English
Nasopharyngeal Cancer 2025,Nasopharyngeal Cancer,Nasopharyngeal Cancer 2025.pdf,"This comprehensive patient guideline explains nasopharyngeal cancer, a rare cancer of the upper throat, including its causes, staging, and treatment options such as radiation, chemotherapy, and immunotherapy. It also addresses side effects, follow-up care, clinical trials, and decision-making to help patients and families manage their care effectively. ",,,,2025,,True,False,2404771,Hopi Cancer Library ,National Comprehensive Cancer Network ,National Comprehensive Cancer Network ,All rights reserved - permission granted to share on SolarSPELL library for educational purposes only.,Adults | Student | Patient  | Community Member | Community Health Educator | Health Educators | Healthcare Professional,Adult | Adult Education | Community Training  | Undergraduate | Graduate/Professional,General Medicine,Noncommunicable Diseases | Oncology,Oncology | Cancer  | Nasopharyngeal Cancer | Guidelines | Clinical education | Clinical Guidelines | Cancer Treatment | Cancer Testing | Patient Care | Education | Patient Education | Treatment | management,Educational Fact Sheet,PDF,English
Neuroendocrine Tumors 2025,Neuroendocrine Tumors,Neuroendocrine Tumors 2025.pdf,"This patient guideline explains neuroendocrine tumors (NETs), a rare type of cancer that can appear in various parts of the body, such as the gastrointestinal tract, lungs, and pancreas. It describes diagnostic testing, staging, treatment options (surgery, chemotherapy, immunotherapy, and targeted therapy), surveillance, and supportive care in an accessible language for patients and caregivers. ",,,,2025,,True,False,3372306,Hopi Cancer Library ,National Comprehensive Cancer Network ,National Comprehensive Cancer Network ,All rights reserved - permission granted to share on SolarSPELL library for educational purposes only.,Adults | Student | Patient  | Community | Community Member | Health Educators | Community Health Educator | Healthcare Professional,Adult | Adult Education | Community Training  | Undergraduate | Graduate/Professional,General Medicine,Noncommunicable Diseases | Oncology,Cancer  | Oncology | Cancer Testing | Cancer Treatment | Education | Patient Education | Neuroendocrine | Guidelines | Clinical Guidelines | Treatment | management | Patient Care | Healthcare,Educational Fact Sheet,PDF,English
Non-Small Cell Lung Cancer - Early and Locally Advanced 2026,Non-Small Cell Lung Cancer - Early and Locally Advanced ,Non-Small Cell Lung Cancer - Early and Locally Advanced 2026.pdf,"National Comprehensive Cancer Network (NCCN) patient guideline on Non-small cell lung cancer, including early and locally advanced stages. This guideline provides education on cancer physiology, testing, diagnosis, stages, and treatment options. ",,,,2026,,True,False,2908577,Hopi Cancer Library ,National Comprehensive Cancer Network ,National Comprehensive Cancer Network ,All rights reserved - permission granted to share on SolarSPELL library for educational purposes only.,Adults | Student | Patient  | Community Member | Community Health Educator | Health Educators | Healthcare Professional | Community,Adult Education | Adult | Community Training  | Undergraduate | Graduate/Professional,General Medicine,Noncommunicable Diseases | Oncology,Cancer  | Lung Cancer | Early Stage | Non-small Cell | Oncology | Guidelines | Clinical Guidelines | Treatment | management | Patient Education | Cancer Testing | Cancer Treatment | Healthcare | Education | cancer diagnosis ,Educational Fact Sheet,PDF,English
Non-Small Cell Lung Cancer - Metastatic 2026,Non-Small Cell Lung Cancer - Metastatic,Non-Small Cell Lung Cancer - Metastatic 2026.pdf,"National Comprehensive Cancer Network (NCCN) patient guideline on metastatic non-small cell lung cancer. This guideline provides education on cancer physiology, testing, diagnosis, stages, and treatment options. ",,,,2026,,True,False,908876,Hopi Cancer Library ,National Comprehensive Cancer Network ,National Comprehensive Cancer Network ,All rights reserved - permission granted to share on SolarSPELL library for educational purposes only.,Adults | Student | Patient  | Community Member | Community | Health Educators | Healthcare Professional | Community Health Educator,Adult | Adult Education | Community Training  | Undergraduate | Graduate/Professional,General Medicine,Noncommunicable Diseases | Oncology,Cancer  | Oncology | Lung Cancer | Cancer Testing | Cancer Treatment | Healthcare | Patient Care | Health education | Patient Education | Lung | Metastatic | Non-small Cell | Guidelines | Clinical Guidelines | Treatment | management,Educational Fact Sheet,PDF,English
Ovarian Cancer 2025,Ovarian Cancer,Ovarian Cancer 2025.pdf,"This patient guideline offers a detailed overview of ovarian cancer, including types, diagnosis, staging, treatment options (surgery, chemotherapy, targeted therapy), and survivorship. It also addresses less common ovarian cancers, biomarker testing, maintenance therapy, and supportive resources to help patients make informed treatment decisions. ",,,,2025,,True,False,5901631,Hopi Cancer Library ,National Comprehensive Cancer Network ,National Comprehensive Cancer Network ,All rights reserved - permission granted to share on SolarSPELL library for educational purposes only.,Adults | Student | Patient  | Community | Community Health Educator | Health Educators | Healthcare Professional | Community Member,Adult | Adult Education | Community Training  | Undergraduate | Graduate/Professional,General Medicine,Noncommunicable Diseases | Oncology,Cancer  | Oncology | Ovarian Cancer | Ovarian | Cancer Testing | Cancer Treatment | Education | Patient Education | Healthcare | management | Treatment | Guidelines | Clinical Guidelines,Educational Fact Sheet,PDF,English
Pancreatic Cancer 2026,Pancreatic Cancer,Pancreatic Cancer 2026.pdf,"National Comprehensive Cancer Network (NCCN) patient guideline on Pancreatic Cancer. This guideline provides education on cancer physiology, testing, diagnosis, stages, and treatment options. ",,,,2026,,True,False,3037500,Hopi Cancer Library ,National Comprehensive Cancer Network ,National Comprehensive Cancer Network ,All rights reserved - permission granted to share on SolarSPELL library for educational purposes only.,Adults | Student | Patient  | Community | Community Member | Health Educators | Community Health Educator | Healthcare Professional,Adult Education | Community Training  | Undergraduate | Graduate/Professional | Adult,General Medicine,Noncommunicable Diseases | Oncology,Cancer  | Oncology | Cancer Testing | Cancer Treatment | Healthcare | Patient Education | Education | Treatment | management | Pancreatic Cancer | Pancreas | Guidelines | Clinical Guidelines,Educational Fact Sheet,PDF,English
Peripheral T-Cell Lymphoma,Peripheral T-Cell Lymphoma,Peripheral T-Cell Lymphoma 2026.pdf,"National Comprehensive Cancer Network (NCCN) patient guideline on Peripheral T-Cell Lymphoma. This guideline provides education on cancer physiology, testing, diagnosis, stages, and treatment options. ",,,,2026,,True,False,1463031,Hopi Cancer Library ,National Comprehensive Cancer Network ,National Comprehensive Cancer Network ,All rights reserved - permission granted to share on SolarSPELL library for educational purposes only.,Patient  | Student | Community | Community Member | Health Educators | Healthcare Professional | Community Health Educator | Adults,Adult | Adult Education | Community Training  | Graduate/Professional | Undergraduate,General Medicine,Noncommunicable Diseases | Oncology,Cancer  | Oncology | Lymphoma | T-Cell | Cancer Testing | Cancer Treatment | Healthcare | Education | Patient Education | cancer diagnosis  | Guidelines | Clinical Guidelines | Treatment | management | Diagnosis  ,Educational Fact Sheet,PDF,English
Pleural Mesothelioma 2026,Pleural Mesothelioma,Pleural Mesothelioma 2026.pdf,"National Comprehensive Cancer Network (NCCN) patient guideline on pleural mesothelioma. This guideline provides education on cancer physiology, testing, diagnosis, stages, and treatment options. ",,,,2026,,True,False,1635682,Hopi Cancer Library ,National Comprehensive Cancer Network ,National Comprehensive Cancer Network ,All rights reserved - permission granted to share on SolarSPELL library for educational purposes only.,Adults | Student | Patient  | Community | Community Member | Health Educators | Healthcare Professional | Community Health Educator,Adult | Adult Education | Community Training  | Undergraduate | Graduate/Professional,General Medicine,Noncommunicable Diseases | Oncology,Cancer  | Health | Cancer Testing | Cancer Treatment | cancer diagnosis  | Mesothelioma | Pleura | Healthcare | Patient Education | Education | Clinical Guidelines | Guidelines | management | Diagnosis   | Treatment,Educational Fact Sheet,PDF,English
Primary Central Nervous System Lymphoma 2026,Primary Central Nervous System Lymphoma,Primary Central Nervous System Lymphoma 2026.pdf,"National Comprehensive Cancer Network (NCCN) patient guideline on primary central nervous system lymphoma. This guideline provides education on cancer physiology, testing, diagnosis, stages, and treatment options. ",,,,2026,,True,False,3905767,Hopi Cancer Library ,National Comprehensive Cancer Network ,National Comprehensive Cancer Network ,All rights reserved - permission granted to share on SolarSPELL library for educational purposes only.,Adults | Patient  | Student | Community | Community Member | Healthcare Professional | Health Educators | Community Health Educator,Adult Education | Adult | Undergraduate | Graduate/Professional | Community Training ,General Medicine,Noncommunicable Diseases | Oncology,Cancer  | Lymphoma | Health | Cancer Testing | Cancer Treatment | Education | Patient Education | management | Treatment | Guidelines | Clinical Guidelines | Patient Care | cancer diagnosis ,Educational Fact Sheet,PDF,English
Prostate Cancer - Advanced Stage 2026,Prostate Cancer - Advanced Stage,Prostate Cancer - Advanced Stage 2026.pdf,"National Comprehensive Cancer Network (NCCN) patient guideline for Advanced-Stage Prostate Cancer. This guideline provides education on cancer physiology, testing, diagnosis, stages, and treatment options. ",,,,2026,,True,False,3092165,Hopi Cancer Library ,National Comprehensive Cancer Network ,National Comprehensive Cancer Network ,All rights reserved - permission granted to share on SolarSPELL library for educational purposes only.,Adults | Student | Patient  | Community Member | Health Educators | Healthcare Professional | Community Health Educator | Community,Adult | Adult Education | Undergraduate | Graduate/Professional | Community Training ,General Medicine,Noncommunicable Diseases | Oncology,Cancer  | Prostate Cancer | Prostate | Cancer Testing | Cancer Treatment | cancer diagnosis  | Education | Patient Education | Guidelines | Clinical Guidelines | Patient Care | Treatment | management,Educational Fact Sheet,PDF,English
Prostate Cancer - Early Stage 2026,Prostate Cancer - Early Stage,Prostate Cancer - Early Stage 2026.pdf,"National Comprehensive Cancer Network (NCCN) patient guideline on early-stage prostate cancer. This guideline provides education on cancer physiology, testing, diagnosis, stages, and treatment options. ",,,,2026,,True,False,3415090,Hopi Cancer Library ,National Comprehensive Cancer Network ,National Comprehensive Cancer Network ,All rights reserved - permission granted to share on SolarSPELL library for educational purposes only.,Adults | Patient  | Student | Community | Community Member | Community Health Educator | Healthcare Professional | Health Educators,Adult | Adult Education | Community Training  | Undergraduate | Graduate/Professional,General Medicine,Noncommunicable Diseases | Oncology,Cancer  | Prostate | Prostate Cancer | Cancer Testing | Cancer Treatment | cancer diagnosis  | Treatment | management | Patient Education | Patient Care | Oncology | Guidelines | Clinical Guidelines,Educational Fact Sheet,PDF,English
Rectal Cancer 2026,Rectal Cancer,Rectal Cancer 2026.pdf,"National Comprehensive Cancer Network (NCCN) patient guideline on Rectal Cancer. This guideline provides education on cancer physiology, testing, diagnosis, stages, and treatment options. ",,,,2026,,True,False,2666736,Hopi Cancer Library ,National Comprehensive Cancer Network ,National Comprehensive Cancer Network ,All rights reserved - permission granted to share on SolarSPELL library for educational purposes only.,Adults | Student | Patient  | Community | Community Member | Health Educators | Healthcare Professional | Community Health Educator,Adult | Adult Education | Graduate/Professional | Undergraduate | Community Training ,General Medicine,Noncommunicable Diseases | Oncology,Cancer  | Rectal Cancer | Rectal | Oncology | Cancer Testing | Cancer Treatment | cancer diagnosis  | Guidelines | Clinical Guidelines | Patient Care | Patient Education | Education | Treatment | management,Educational Fact Sheet,PDF,English
Small Bowel Adenocarcinoma 2026,Small Bowel Adenocarcinoma,Small Bowel Adenocarcinoma 2026.pdf,"This patient guideline provides comprehensive information for patients diagnosed with small bowel adenocarcinoma, a rare gastrointestinal cancer. It covers diagnosis, treatment options, surgical procedures, biomarkers, chemotherapy regimens, survivorship care, and guidance for making treatment decisions. ",,,,2026,,True,False,1252861,Hopi Cancer Library ,National Comprehensive Cancer Network ,National Comprehensive Cancer Network ,All rights reserved - permission granted to share on SolarSPELL library for educational purposes only.,Adults | Student | Patient  | Community | Community Member | Health Educators | Healthcare Professional | Community Health Educator,Adult | Adult Education | Community Training  | Undergraduate | Graduate/Professional,General Medicine,Noncommunicable Diseases | Oncology,Cancer  | Oncology | Cancer Testing | Cancer Treatment | cancer diagnosis  | Patient Education | Patient Care | Small Bowel | Adenocarcinoma | Guidelines | Clinical Guidelines | Treatment | management,Educational Fact Sheet,PDF,English
Soft Tissue Sarcoma 2025,Soft Tissue Sarcoma,Soft Tissue Sarcoma 2025.pdf,"National Comprehensive Cancer Network (NCCN) patient guideline on soft tissue sarcoma. This guideline provides education on cancer physiology, testing, diagnosis, stages, and treatment options. ",,,,2025,,True,False,2394433,Hopi Cancer Library ,National Comprehensive Cancer Network ,National Comprehensive Cancer Network ,All rights reserved - permission granted to share on SolarSPELL library for educational purposes only.,Adults | Student | Patient  | Community | Community Member | Community Health Educator | Health Educators | Healthcare Professional,Adult | Adult Education | Community Training  | Undergraduate | Graduate/Professional,General Medicine,Noncommunicable Diseases | Oncology,Cancer  | Oncology | Soft Tissue | Sarcoma | Clinical guideline | Guidelines | Cancer Testing | Cancer Treatment | cancer diagnosis  | Treatment | management | Patient Education | Healthcare | Education,Educational Fact Sheet,PDF,English
Stomach Cancer 2026,Stomach Cancer ,Stomach Cancer 2026.pdf,"National Comprehensive Cancer Network (NCCN) patient guideline on Stomach Cancer. This guideline provides education on cancer physiology, testing, diagnosis, stages, and treatment options. ",,,,2026,,True,False,1875769,Hopi Cancer Library ,National Comprehensive Cancer Network ,National Comprehensive Cancer Network ,All rights reserved - permission granted to share on SolarSPELL library for educational purposes only.,Adults | Student | Patient  | Community Member | Community | Health Educators | Community Health Educator | Healthcare Professional,Adult | Adult Education | Community Training  | Undergraduate | Graduate/Professional,General Medicine,Noncommunicable Diseases | Oncology,Cancer  | Oncology | Cancer Treatment | Cancer Testing | Education | Patient Education | Healthcare | Treatment | management | Stomach Cancer | Stomach | Patient Care | Guidelines | Clinical Guidelines,Educational Fact Sheet,PDF,English
Throat Cancer 2025,Throat Cancer,Throat Cancer 2025.pdf,"National Comprehensive Cancer Network (NCCN) patient guideline on Throat Cancer. This guideline provides education on cancer physiology, testing, diagnosis, stages, and treatment options. ",,,,2025,,True,False,2626082,Hopi Cancer Library ,National Comprehensive Cancer Network ,National Comprehensive Cancer Network ,All rights reserved - permission granted to share on SolarSPELL library for educational purposes only.,Adults | Student | Patient  | Community | Community Member | Health Educators | Community Health Educator | Healthcare Professional,Adult | Adult Education | Undergraduate | Graduate/Professional | Community Training ,General Medicine,Noncommunicable Diseases | Oncology,Oncology | Cancer  | throat | throat cancer | Clinical Guidelines | Guidelines | Patient Education | Patient Care | Cancer Testing | Cancer Treatment | cancer diagnosis  | management | Treatment,Educational Fact Sheet,PDF,English
Uterine Cancer 2026,Uterine Cancer ,Uterine Cancer 2026.pdf,"National Comprehensive Cancer Network (NCCN) patient guideline on Uterine Cancer. This guideline provides education on cancer physiology, testing, diagnosis, stages, and treatment options. ",,,,2026,,True,False,3532423,Hopi Cancer Library ,National Comprehensive Cancer Network ,National Comprehensive Cancer Network ,All rights reserved - permission granted to share on SolarSPELL library for educational purposes only.,Adults | Student | Patient  | Community | Community Health Educator | Health Educators | Healthcare Professional | Community Member,Adult | Adult Education | Community Training  | Undergraduate | Graduate/Professional,General Medicine,Noncommunicable Diseases | Oncology,Cancer  | Cancer Testing | Cancer Treatment | Oncology | Patient Education | Patient Care | Guidelines | Clinical Guidelines | Healthcare | Uterine | Uterine Cancer | Treatment | management | cancer diagnosis ,Educational Fact Sheet,PDF,English
"Genetic Testing for Hereditary Breast, Ovarian, Pancreatic, and Prostate Cancer 2026","Genetic Testing for Hereditary Breast, Ovarian, Pancreatic, and Prostate Cancer","Genetic Testing for Hereditary Breast, Ovarian, Pancreatic, and Prostate Cancers 2026.pdf","This guide explains how genetic testing can help identify inherited cancer risks for breast, ovarian, pancreatic, and prostate cancers. It includes information on when to test, what the results mean, how to manage cancer risk, and how to involve family members in preventive care and decision making. ",,,,2026,,True,False,1182804,Hopi Cancer Library ,National Comprehensive Cancer Network ,National Comprehensive Cancer Network ,All rights reserved - permission granted to share on SolarSPELL library for educational purposes only.,Adults | Student | Patient  | Community Member | Community | Health Educators | Healthcare Professional | Community Health Educator,Adult | Adult Education | Community Training  | Undergraduate | Graduate/Professional,General Medicine,Noncommunicable Diseases | Oncology,Genetics | Genetic Testing | Clinical guideline | Guidelines | Genetic Risk Factors | Genetic Resources | Cancer  | Oncology | Patient Education | Hereditary | Breast | Breast Cancer | Ovarian | Ovarian Cancer | Prostate | Prostate Cancer,Educational Fact Sheet,PDF,English
Lung Cancer Screening 2026,Lung Cancer Screening,Lung Cancer Screening 2026.pdf,"This patient guideline explains lung cancer screening, especially for individuals at high risk due to smoking history or other factors. It details the use of low-dose computed tomography (LDCT) scans to detect early-stage lung cancer. It offers guidance on eligibility, risks, benefits, and next steps based on screening results. ",,,,2026,,True,False,1909020,Hopi Cancer Library ,National Comprehensive Cancer Network ,National Comprehensive Cancer Network ,All rights reserved - permission granted to share on SolarSPELL library for educational purposes only.,Adults | Student | Patient  | Community Member | Community | Health Educators | Community Health Educator | Healthcare Professional,Adult | Adult Education | Community Training  | Undergraduate | Graduate/Professional,General Medicine,Noncommunicable Diseases | Oncology,Cancer  | Oncology | cancer screening | Lung Cancer | Lung | Screening | Patient Education | Clinical education | Healthcare | Guidelines | Clinical Guidelines | Patient Care,Educational Fact Sheet,PDF,English
Prostate Cancer Screening 2026,Prostate Cancer Screening,Prostate Cancer Screening 2026.pdf,"This patient guideline explains prostate cancer screening, who needs to be screened for prostate cancer, what to expect at a prostate cancer screening, and further testing or evaluation. It offers guidance on eligibility, risks, benefits, and next steps based on screening results. ",,,,2026,,True,False,1225976,Hopi Cancer Library ,National Comprehensive Cancer Network ,National Comprehensive Cancer Network ,All rights reserved - permission granted to share on SolarSPELL library for educational purposes only.,Adults | Student | Patient  | Community | Community Member | Community Health Educator | Health Educators | Healthcare Professional,Adult | Adult Education | Community Training  | Undergraduate | Graduate/Professional,General Medicine,Noncommunicable Diseases | Oncology,Cancer  | Oncology | cancer screening | Screening | Prostate | Prostate Cancer | Patient Education | Clinical Guidelines | Guidelines | Treatment | Cancer Testing | Cancer Treatment,Educational Fact Sheet,PDF,English
Distress During Cancer Care 2026,Distress During Cancer Care,Distress During Cancer Care 2026.pdf,"This patient guideline explains the emotional, psychological, and spiritual distress commonly experienced during cancer care and provides strategies to manage it. It includes screening tools, care team roles, treatment options, and guidance on accessing mental health and supportive services. ",,,,2026,,True,False,2310678,Hopi Cancer Library ,National Comprehensive Cancer Network ,National Comprehensive Cancer Network ,All rights reserved - permission granted to share on SolarSPELL library for educational purposes only.,Adults | Student | Patient  | Community | Community Member | Health Educators | Healthcare Professional | Community Health Educator,Adult | Adult Education | Community Training  | Undergraduate | Graduate/Professional,General Medicine,Noncommunicable Diseases | Oncology,Cancer  | Oncology | Distress | Cancer Testing | cancer screening | cancer diagnosis  | Cancer Treatment | Mental Health | Patient Education | Guidelines | Clinical Guidelines | Treatment | Signs of Distress,Educational Fact Sheet,PDF,English
Graft-Versus-Host Disease 2026,Graft-Versus-Host Disease,Graft-Versus-Host Disease 2026.pdf,"This patient guideline explains graft-versus-host disease (GVHD), a serious complication following hematopoietic cell transplantation (HCT), in which donor immune cells attack the recipient's body. It details testing, treatment options, including immunosuppressants and targeted therapy, and clinical trials for both acute and chronic forms, and provides strategies for symptom management and survivorship care. ",,,,2026,,True,False,1352636,Hopi Cancer Library ,National Comprehensive Cancer Network ,National Comprehensive Cancer Network ,All rights reserved - permission granted to share on SolarSPELL library for educational purposes only.,Adults | Student | Patient  | Community | Community Member | Health Educators | Community Health Educator | Healthcare Professional,Adult Education | Adult | Community Training  | Undergraduate | Graduate/Professional,General Medicine,Noncommunicable Diseases | Oncology,Cancer  | Oncology | Health | Healthcare | Cancer Treatment | cancer screening | Guidelines | Clinical Guidelines | Patient Education | Graft | Host | Disease | GVHD | Patient Care,Educational Fact Sheet,PDF,English
Immunotherapy Side Effects- CAR T-Cell and Lymphocyte Engager Therapies 2026,Immunotherapy Side Effects- CAR T-Cell and Lymphocyte Engager Therapies ,Immunotherapy Side Effects- CAR T-Cell and Lymphocyte Engager Therapies 2026.pdf,"This patient guideline explains how CAR T-cell therapy works to treat blood cancers and outlines its potential side effects, such as cytokine release syndrome (CRS) and neurotoxicity (ICANS). It offers clear guidance on what to expect before, during, and after treatment, and provides information on prevention, monitoring, and treatment of both mild and severe reactions. ",,,,2026,,True,False,1847930,Hopi Cancer Library ,National Comprehensive Cancer Network ,National Comprehensive Cancer Network ,All rights reserved - permission granted to share on SolarSPELL library for educational purposes only.,Adults | Student | Patient  | Community | Community Member | Health Educators | Healthcare Professional | Community Health Educator,Adult | Adult Education | Community Training  | Undergraduate | Graduate/Professional,General Medicine,Noncommunicable Diseases | Oncology,Cancer  | Oncology | CAR T-cell | Immunotherapy | Side Effects | Blood Cancer  | Cancer Treatment | cancer diagnosis  | Guidelines | Clinical Guidelines | Patient Education | Patient Care,Educational Fact Sheet,PDF,English
Low Blood Cell Counts 2026,Low Blood Cell Counts,Low Blood Cell Counts 2026.pdf,"This patient guideline explains how anemia, neutropenia, and thrombocytopenia can affect people undergoing cancer treatment, including symptoms, causes, and management strategies. It details how low red cell, white cell, or platelet counts impact health and outlines diagnostic testing and treatment options like blood transfusions, growth factors, iron supplements, and supportive care. ",,,,2026,,True,False,911272,Hopi Cancer Library ,National Comprehensive Cancer Network ,National Comprehensive Cancer Network ,All rights reserved - permission granted to share on SolarSPELL library for educational purposes only.,Adults | Student | Patient  | Community | Community Member | Health Educators | Community Health Educator | Healthcare Professional,Adult | Adult Education | Undergraduate | Graduate/Professional | Community Training ,General Medicine,Noncommunicable Diseases | Oncology,Oncology | Cancer  | Anemia | Side Effects | Thrombocytopenia | Neutropenia | Blood   | platelets | White Blood Cells | Red Blood Cells | Blood Counts | Blood Transfusion | Cancer Treatment | Patient Education | Clinical Guidelines | Guidelines,Educational Fact Sheet,PDF,English
Nausea and Vomiting 2026,Nausea and Vomiting ,Nausea and Vomiting 2026.pdf,"This patient guideline explains how to prevent and manage nausea and vomiting caused by cancer treatment, including chemotherapy, radiation, and other factors. It covers antiemetic medications, lifestyle tips, and complementary therapies, while also guiding patients on how to track symptoms, communicate with care teams, and maintain hydration and nutrition. ",,,,2026,,True,False,2178071,Hopi Cancer Library ,National Comprehensive Cancer Network ,National Comprehensive Cancer Network ,All rights reserved - permission granted to share on SolarSPELL library for educational purposes only.,Adults | Patient  | Student | Community | Community Member | Health Educators | Healthcare Professional | Community Health Educator,Adult | Adult Education | Community Training  | Undergraduate | Graduate/Professional,General Medicine,Noncommunicable Diseases | Oncology,Cancer  | Oncology | Side Effects | Healthcare | Cancer Treatment | Nausea | Vomiting | Medications | Chemotherapy | radiation | Patient Education | Guidelines | Clinical Guidelines,Educational Fact Sheet,PDF,English
Immunotherapy Side Effects - Immune Checkpoint Inhibitors 2026,Immunotherapy Side Effects - Immune Checkpoint Inhibitors,Immunotherapy Side Effects - Immune Checkpoint Inhibitors 2026.pdf,"This patient guideline helps patients understand the possible side effects of immune checkpoint inhibitors, a type of immunotherapy used to treat cancer. It outlines common and serious side effects affecting various body systems and guides symptom recognition, emergency care, and management strategies to support continued treatment and quality of life. ",,,,2026,,True,False,1789367,Hopi Cancer Library ,National Comprehensive Cancer Network ,National Comprehensive Cancer Network ,All rights reserved - permission granted to share on SolarSPELL library for educational purposes only.,Adults | Student | Patient  | Community Member | Health Educators | Community | Healthcare Professional | Community Health Educator,Adult | Adult Education | Community Training  | Undergraduate | Graduate/Professional,General Medicine,Noncommunicable Diseases | Oncology,Cancer  | Oncology | Cancer Treatment | Side Effects | Immunotherapy | Patient Care | Patient Education | Immune | Guidelines | Clinical Guidelines | Health | Treatment | management,Educational Fact Sheet,PDF,English
Mathematics Textbook (10),Pirtûka Matematîkê (10),كردي 10.pdf,Ev pirtûk a beşa matematîkê ye,,,,,,True,False,8134049,North and East Syria Educational Collection,AANES,AANES,جميع الحقوق محفوظة – تم منح الإذن للمشاركة في مكتبة سولر سبل للأهداف التعليمية,الطالب│Xwendekar│Student,Grade 10, Dîrok,,peyrew  | hevkêşe   | Hejmarên girêkî  (komplêks) |  Bernametiya xêzî | Geometriya  kordînatê  | Hesabê sêgoşeyan | Tîrêj,الكتاب │ Pirtûk │ Book,PDF,الكردية │ Kurdî │ Kurdish
Sociology Book for Grade 10,pirtûka civaknasî (10),علم الاجتماع الصف العاشر.pdf,Ev pirtûk a beşa civaknasiyê ye,,,,,,True,False,11509191,North and East Syria Educational Collection,AANES,AANES,جميع الحقوق محفوظة – تم منح الإذن للمشاركة في مكتبة سولر سبل للأهداف التعليمية,الطالب│Xwendekar│Student,Grade 10 | refa 10,Civaknasî ,,Civaknasî û derketina wê | Hêmanên bingehîn ên civakê |  Têkiliya civaknasiyê bi zanistên din re |  Çand û civak,الكتاب │ Pirtûk │ Book,PDF,الكردية │ Kurdî │ Kurdish
History Book (10),Pirtûka Dîrokê (10),dîrok 10.pdf,Ev pirtûk a beşa dîrokê ye,,,,,,True,False,10303675,North and East Syria Educational Collection,AANES,AANES,جميع الحقوق محفوظة – تم منح الإذن للمشاركة في مكتبة سولر سبل للأهداف التعليمية,الطالب│Xwendekar│Student,refa 10 | Grade 10, Dîrok,,Derbasgeha Dîroknasiyê | Serdemên Pêşnivîsê | Şaristaniyên Mezopotamya  û Geliyê Nîlê yên paşnivîsê | Padîşahî û Şaristaniyên Cizîr  û Welatê Şamê |  Şûnwar û Nîşane,الكتاب │ Pirtûk │ Book,PDF,الكردية │ Kurdî │ Kurdish
Geography Textbook (10),pirtûka erdnîgariyê (10),erdnîgariyê 10.pdf,Ev pirtûk a beşa erdnîgariyê ye,,,,,,True,False,16528061,North and East Syria Educational Collection,AANES,AANES,جميع الحقوق محفوظة – تم منح الإذن للمشاركة في مكتبة سولر سبل للأهداف التعليمية,الطالب│Xwendekar│Student,refa 10 | Grade 10,Erdnîgarî,ERDNÎGARIYA XWEZAYÎ,Gerdûn | Tevgerên tiktonî | Rûberên avê | Avhewa | Gerdûn û Pergala Rokê | Erd di Pergala Rokê de | Kordînatên erdnîgarî | Teşeyên guhertina rûerdê | Tewandin û şikestin | Volkan | Erdhej | Ava diherike | Qeşa,الكتاب │ Pirtûk │ Book,PDF,الكردية │ Kurdî │ Kurdish
"Mathematics textbook for the tenth grade of secondary school, national curriculum",كتاب الرياضيات للصف العاشر الثانوي المنهاج الوطني,10-Geometry.pdf,الكتاب المدرسي لمادة الرياضيات للصف العاشر الثانوي المنهاج الوطني,,,,2026,,True,False,51897941,North and East Syria Educational Collection,AANES,AANES,جميع الحقوق محفوظة – تم منح الإذن للمشاركة في مكتبة سولر سبل للأهداف التعليمية,الطالب│Xwendekar│Student,الصف 10,الرياضيات الهندسة,,التحويلات الهندسية في المستوى | الهندسة الفراغية | الأشعة والهندسة التحليلية | معادلة مستقيم وجمل المعادلات الخطية | القطوع المخروطية,كتاب,PDF,العربية
Physics Book 10th,Pirtûka Fîzîkê (10),Fîzîk 10.pdf,Ev pirtûk a beşa fîzîkê ye,,,,2026,,True,False,7020195,North and East Syria Educational Collection,AANES,AANES,جميع الحقوق محفوظة – تم منح الإذن للمشاركة في مكتبة سولر سبل للأهداف التعليمية,الطالب│Xwendekar│Student,Grade 10 | refa 10,Fîzîk,,tevger û tevgerandin |  Elektirîk |  tevgera pêlî  |  şewq  | qaseyên fîzîkî  | Elektirîka rawestiyayî | şkestina şewqê,الكتاب │ Pirtûk │ Book,PDF,الكردية │ Kurdî │ Kurdish
Chemistry Book 10th,Pirtûka Kîmyayê (10),Kîmya 10.pdf,Ev pirtûk a beşa kîmyayê ye,,,,,,True,False,51026462,North and East Syria Educational Collection,AANES,AANES,جميع الحقوق محفوظة – تم منح الإذن للمشاركة في مكتبة سولر سبل للأهداف التعليمية,الطالب│Xwendekar│Student,refa 10 | Grade 10,Kîmya,,Atom | Tabloya peryodîkê | Pişaftî | Kîmyaya Lebatî  | Tîrbûna pişaftiyan | Hîdrokarbon | Alkan,الكتاب │ Pirtûk │ Book,PDF,الكردية │ Kurdî │ Kurdish
"Geography textbook for the first year of secondary school, national curriculum",كتاب الجغرافيا للصف الأول الثانوي المنهاج الوطني,10-geography_compressed.pdf,الكتاب المدرسي للصف الأول الثانوي,,,,2026,,True,False,45935419,North and East Syria Educational Collection,AANES,AANES,جميع الحقوق محفوظة – تم منح الإذن للمشاركة في مكتبة سولر سبل للأهداف التعليمية,,الصف 10,الجغرافيا,,تطور علم الجغرافيا | منهجية البحث العلمي في الجغرافية | الخرائطُ الجغرافيّةُ واستخداماتها | المجموعة الشمسية | القمر تابع للأرض | الزلازل والبراكين | الالتواءات والانكسارات | المناخ    | الحرارة  ,كتاب,PDF,العربية
"Biology textbook for the first year of secondary school, national curriculum",كتاب علم الاحياء للصف الأول الثانوي المنهاج الوطني,10-lit-scince.pdf,الكتاب المدرسي لمادة علم الاحياء الصف الأول الثانوي المنهاج الوطني,,,,2026,,True,False,50767854,North and East Syria Educational Collection,AANES,AANES,جميع الحقوق محفوظة – تم منح الإذن للمشاركة في مكتبة سولر سبل للأهداف التعليمية,الطالب│Xwendekar│Student,الصف 10,العلوم علم الأحياء,,المادة الحية | الخلية | الإطراح عند النبات | النّقل لدى النّبات | الصِّحّة والمرض | اللُّقاحات | حياتي غالية | التّنوّع الحيويّ | التّنوّع الحيويّ في سورية | تربية الحيوان | التّوازن البيئيّ, كتاب,PDF,العربية
"Mathematics textbook, Algebra section, for the first year of secondary school",كتاب الرياضيات قسم الجبر للصف الأول الثانوي,10-Algebra.pdf,الكتاب المدرسي لمادة الرياضيات الصف الأول الثانوي المنهاج الوطني,,,,2026,,True,False,47097304,North and East Syria Educational Collection,AANES,AANES,جميع الحقوق محفوظة – تم منح الإذن للمشاركة في مكتبة سولر سبل للأهداف التعليمية,الطالب│Xwendekar│Student,الصف 10,رياضيات جبر,,الأعداد الحقيقية وخواضها | مفهوم التابع | المعادلات والمتراجحات من الدرجة الثانية | التوابع المألوفة | مبادئ في الاحتمالات,كتاب,PDF, العربية
Biology Book 10th,Pirtûka Zindînasî (10),zanyarî 10.pdf,Ev pirtûk a beşa zindînasiyê ye,,,,,,True,False,36715266,North and East Syria Educational Collection,AANES,AANES,جميع الحقوق محفوظة – تم منح الإذن للمشاركة في مكتبة سولر سبل للأهداف التعليمية,الطالب│Xwendekar│Student,Grade 10 | refa 10,Zindînasî ,,Lêkhatina kîmyayî ya gewdeyên heyînên zindî | Xwirektî li cem zindiyan | Valakirin li cem heyînên zindî | Bêhndan li cem heyînên zindî,الكتاب │ Pirtûk │ Book,PDF,الكردية │ Kurdî │ Kurdish
"Arabic Language and Literature textbook for the first year of secondary school, national curriculum",كتاب اللغة العربية وآدابها للصف الأول الثانوي المنهاج الوطني,10-arabic.pdf,مادة اللغة العربية للصف العاشر - الكتاب المدرسي ,,,,2026,,True,False,15570602,North and East Syria Educational Collection,AANES,AANES,جميع الحقوق محفوظة – تم منح الإذن للمشاركة في مكتبة سولر سبل للأهداف التعليمية,الطالب│Xwendekar│Student,الصف 10,اللغة العربية وآدابها,,المذاهب الأدبية | العصور الأدبية | أغراض شعرية | فن المقالة | إعلراب أدوات الشرط | إعراب أدوات الاستفهام,كتاب,PDF,العربية
Kurdish Language Book 10th Grade,Pirtûka Zimanê Kurdî (10),Zimanê kurdî 10.pdf,Ev pirtûk a beşa zimanê kurdî ye,,,,,,True,False,15935390,North and East Syria Educational Collection,AANES,AANES,جميع الحقوق محفوظة – تم منح الإذن للمشاركة في مكتبة سولر سبل للأهداف التعليمية,الطالب│Xwendekar│Student,refa 10 | Grade 10,Zimanê Kurdî,,"Xalbendî | Peyvsazî | Cihnav | Ravek, rayek û gerguhêzî | Dem, rawe û avanî",الكتاب │ Pirtûk │ Book,PDF,الكردية │ Kurdî │ Kurdish
The Book of Kurdish Literature - 10th Grade,Pirtûka Wêjeya Kurdî (10),WÊJEYA KURDÎ.pdf,Ev pirtûk a beşa wêjeya kurdî ye,,,,,,True,False,9130431,North and East Syria Educational Collection,AANES,AANES,جميع الحقوق محفوظة – تم منح الإذن للمشاركة في مكتبة سولر سبل للأهداف التعليمية,الطالب│Xwendekar│Student,refa 10 | Grade 10,Wêjeya Kurdî,,Derbasbûnek bo Wêjeyê | Zargotin | Zargotina kurdî | Wêjeya Kurdî ya Nivîskî | Wêjeya Cîhanî | Wêjeya yûnanî ya kevnar | yûnanî | Cureyên wêjeyê,الكتاب │ Pirtûk │ Book,PDF,الكردية │ Kurdî │ Kurdish
"Visual and Aesthetic Art Education, First Year of Secondary School, National Curriculum",التربية الفنيّة البصريّة والجماليّة الصف الأول الثانوي المنهاج الوطني,10-art.pdf,مادة التربية الفنية للصف العاشر المنهاج الوطني,,,,2026,,True,False,33782739,North and East Syria Educational Collection,AANES,AANES,جميع الحقوق محفوظة – تم منح الإذن للمشاركة في مكتبة سولر سبل للأهداف التعليمية,الطالب│Xwendekar│Student,الصف 10,التربية الفنية ,,منظور مكعّب | تفريغ أجزاء مكعّب | الإبداع المعماريّ | الواقعّية | التجريديّة الهندسيّة | الواقعية الرمزية | التصميم الصناعيّ,كتاب,PDF,اللغة العربية
English Language - 10th Grade,Pirtûka Zimanê Îngilîzî (10),English Language 10.pdf,Ev pirtûk a beşa zimanê îngilîzî ye,,,,,,True,False,10306373,North and East Syria Educational Collection,AANES,AANES,جميع الحقوق محفوظة – تم منح الإذن للمشاركة في مكتبة سولر سبل للأهداف التعليمية,الطالب│Xwendekar│Student,refa 10 | Grade 10,English Language,,Passive Voice |  conditionals | simple future |   past perfect |  Past simple |  past continuous | present perfect |  Present simple |  Present  continuous,الكتاب │ Pirtûk │ Book,PDF,English
"Chemistry textbook for the first year of secondary school, national curriculum",كتاب الكيمياء للصف الأول الثانوي المنهاج الوطني,10-sci-chemistry.pdf,كتاب الكيمياء الصف الأول الثانوي المنهاج الوطني,,,,2026,,True,False,66782128,North and East Syria Educational Collection,AANES,AANES,جميع الحقوق محفوظة – تم منح الإذن للمشاركة في مكتبة سولر سبل للأهداف التعليمية,الطالب│Xwendekar│Student,الصف 10,الكيمياء,,حالات المادة والتغيّرات الفيزيائية والكيميائية | التفاعلات الكيميائية | المدارات الذرّية | الجدول الدوري للعناصر | دوريّة خاصيّات العناص | الروابط الكيميائية | التصاوغ وهندسة الجزيء | الصوديوم | الكلور | النتروجين | الحديد | الكبريت,PDF,PDF,اللغة العربية
Arabic Language Learning Book - 10th Grade,كتاب تعليم اللغة العربية - Pirtûka Fêrbûna Zimanê Erebî,Fêrbûna Zimanê Erebî.pdf,Ev pirtûk a beşa zimanê erebî ye,,,,,,True,False,2098396,North and East Syria Educational Collection,AANES,AANES,جميع الحقوق محفوظة – تم منح الإذن للمشاركة في مكتبة سولر سبل للأهداف التعليمية,الطالب│Xwendekar│Student,Grade 10 | refa 10,Fêrbûna Zimanê Erebî | تعليم اللغة العربية,,,,, العربية | Arabic
"Physics textbook for the first year of secondary school, national curriculum",كتاب الفيزياء للصف الأول الثانوي المنهاج الوطني,Lit-Physics.pdf-G10.pdf,كتاب الفيزياء للصف الأول الثانوي المنهاج الوطني,,,,2026,,True,False,29005520,North and East Syria Educational Collection,AANES,AANES,جميع الحقوق محفوظة – تم منح الإذن للمشاركة في مكتبة سولر سبل للأهداف التعليمية,الطالب│Xwendekar│Student,الصف 10,مادة الفيزياء,,الحركة   | الحركة المستقيمة | العمل والاستطاعة | قوانين نيوتن وتطبيقاتها | الكهرباء الساكنة | حقل كهربائي | الكمون | فرق الكمون,كتاب,PDF,اللغة العربية
"Information and Communication Technology textbook for the first year of secondary school, national curriculum",كتاب تكنولوجيا المعلومات والاتصالات للصف الأول الثانوي المنهاج الوطني,10-technology.pdf,كتاب تكنولوجيا المعلومات والاتصالات للصف الأول الثانوي المنهاج الوطني,,,,2026,,True,False,47746288,North and East Syria Educational Collection,AANES,AANES,جميع الحقوق محفوظة – تم منح الإذن للمشاركة في مكتبة سولر سبل للأهداف التعليمية,الطالب│Xwendekar│Student,الصف 10,تكنولوجيا المعلومات والاتصالات,,التجارة الالكترونية | الاجهزة الخليوية | قواعد المعطيات | الخوارزميات والبرمجة | التكنولوجيا,كتاب,PDF,اللغة العربية
The Philosophy Book,Pirtûka Felsefeyê,felsefe.pdf,Ev pirtûk a beşa felsefeyê ye,,,,,,True,False,10774930,North and East Syria Educational Collection,AANES,AANES,جميع الحقوق محفوظة – تم منح الإذن للمشاركة في مكتبة سولر سبل للأهداف التعليمية,الطالب│Xwendekar│Student,Grade 10 | refa 10,Felsefe ,,Rêgezên sereke yên hizira felsefeyî | Mijarên felsefeyî | Mijarên derûnnasiyê,الكتاب │ Pirtûk │ Book,PDF,الكردية │ Kurdî │ Kurdish
Mathematics Book - 11th Grade,Bîrkarî (11),Bîrkarî 11.pdf,Ev pirtûk a beşa bîrkarî ye,,,,,,True,False,15002344,North and East Syria Educational Collection,AANES,AANES,جميع الحقوق محفوظة – تم منح الإذن للمشاركة في مكتبة سولر سبل للأهداف التعليمية,الطالب│Xwendekar│Student,Grade 11 | refa 11,Bîrkarî,,peyrew  | Dawî û Domdarî | daraştin | Bermecekirina Xêzikî | Sêgoşe | Peyhatî û Zincîr | Dibetî | matrêks | Gewde,الكتاب │ Pirtûk │ Book,PDF,الكردية │ Kurdî │ Kurdish
Sociology Book - 11th Grade,Pirtûka Civaknasiyê (11),Civaknasî 11.pdf,Ev pirtûk a beşa civaknasiyê ye,,,,,,True,False,9592249,North and East Syria Educational Collection,AANES,AANES,جميع الحقوق محفوظة – تم منح الإذن للمشاركة في مكتبة سولر سبل للأهداف التعليمية,الطالب│Xwendekar│Student,refa 11 | Grade 11,Civaknasî ,,"Avahiya civakî | Têkiliyên civakî  | Statû û rista civakî | Nirx û pîvanên civakî | Komên civakî | Têgiha jiyana civakî | Nasnameya civakî | Hişmendiya civakî | Rastiya civakî | Pîroziyên civakî | Lêkolîna zanist | Rêbaza dîrokî | Rêbaza dahûrandinê | Rêbaza hevrûkirinê | Alavên lêkolînê (çavdêrî û taqîkirin) | Alavên lêkolînê (hevdîtin û pirsname) | Guherîna civakî | Têgihên ku bi guherîna civakî re, têkildar in | Karîgeriyên guherîna civakî",الكتاب │ Pirtûk │ Book,PDF,الكردية │ Kurdî │ Kurdish
The History Book - 11th Grade,Pirtûka Dîrokê (11),Dîrok 11.pdf,Ev pirtûk a beşa dîrokê ye,,,,,,True,False,40786539,North and East Syria Educational Collection,AANES,AANES,جميع الحقوق محفوظة – تم منح الإذن للمشاركة في مكتبة سولر سبل للأهداف التعليمية,الطالب│Xwendekar│Student,refa 11 | Grade 11 | Amadeyî 2, Dîrok,,Şaristaniyên Serdema Klasîk û Helenîstîk | Şaristaniyên Rojavayê  Anatoliyayê û Deryaya Reş |  Şaristaniyên Deşta Îranê û Rojhilata Dûr | Şaristanî û Gelên Ewropayê | Şaristanî û Gelên Amerîkayê | Şaristanî û Gelên Afrîkayê,الكتاب │ Pirtûk │ Book,PDF,الكردية │ Kurdî │ Kurdish
"Mathematics, National Curriculum, Second Year of Secondary School",الرياضيات المنهاج الوطني للصف الثاني الثانوي,11-Lit-math.pdf,كتاب الرياضيات للصف الثاني الثانوي الأدبي,,,,2026,,True,False,32354101,North and East Syria Educational Collection,AANES,AANES,جميع الحقوق محفوظة – تم منح الإذن للمشاركة في مكتبة سولر سبل للأهداف التعليمية,الطالب│Xwendekar│Student,الصف 11,الإحصاء والاحتمال,الرياضيات,نظرية ذي الحدين | الاحتمال | الإحصاء | رياضيات | الإحصاء والاحتمال,كتاب,PDF,العربية
English Language Book - 11th Grade,Pirtûka Zimanê Îngilîzî (11),English book 11.pdf,Ev pirtûk a beşa zimanê îngilîzî ye,,,,,,True,False,16865607,North and East Syria Educational Collection,AANES,AANES,جميع الحقوق محفوظة – تم منح الإذن للمشاركة في مكتبة سولر سبل للأهداف التعليمية,الطالب│Xwendekar│Student,Grade 11 | 11 | refa 11,English Language | Zimanê Îngilîzî,, Learn English | Water | Fêrkirina zimanê Îngilîzî | A Tale of Hope in Hardship | Superstitions | Famous Landmarks in Syria | The Great Wall of China | Bullying: A Serious Problem |  The Future of Technology |  Blue Mission |  Treehouse Adventure |  The Beauty of Friendship |  Discrimination |  Robinson Crusoe,الكتاب │ Pirtûk │ Book,PDF,English | Îngilîzî
"Visual and Aesthetic Art Education for the Second Year of Secondary School, National Curriculum",التّربيةُ الفنّيةُ البصرّيةُ والجماليّةُ للصف الثاني الثانوي المنهاج الوطني,art-G11.pdf,كتاب التربية الفية لطلاب الثاني الثانوي,,,,2026,,True,False,13725208,North and East Syria Educational Collection,AANES,AANES,جميع الحقوق محفوظة – تم منح الإذن للمشاركة في مكتبة سولر سبل للأهداف التعليمية,الطالب│Xwendekar│Student,الصف 11,الفنون الجميلة,,الخداع البصري بالأسود والأبيض | الفنان مأمون الحمصيّ | طبيعة صامتة | الفنان ليوناردو دافنشي | التصميم الصناعيّ | تكوين من نقطتي فرار | تصميم بصري )درج( | تشكيل بصري من أشكال هندسية | إبداع معماري حديث | فن الإستشراق,PDF | الكتاب,PDF,اللغة العربية
"Arabic Language and Literature for the Second Year of Secondary School, National Curriculum",اللُّغة العربيَّة وآداُبها للصف الثاني الثانوي المنهاج الوطني,11-Lit-arabic.pdf,كتاب اللغة العربية لطلاب الصف الثاني الثانوي,,,,2026,,True,False,12720526,North and East Syria Educational Collection,AANES,AANES,جميع الحقوق محفوظة – تم منح الإذن للمشاركة في مكتبة سولر سبل للأهداف التعليمية,الطالب│Xwendekar│Student,الصف 11,اللغة العربية وقواعدها,,البحر المتقارب | لا النافية للجنس | عمل المصدر والمشتقات | أسلوب الإغراء والتحذير | بعض الأغراض البلاغيّة للإنشاء | فنّ القصّة القصيرة | المذهب الابداعي | الواقعيّة | فنّ المسرحيَّة | بين الصّوت والصّمت, كتاب,PDF,اللغة العربية
Geography Book - 11th Grade,Pirtûka Erdnîgariyê (11),Erdnîgarî 11.pdf,Ev pirtûk a beşa erdnîgariyê ye,,,,,,True,False,18667035,North and East Syria Educational Collection,AANES,AANES,جميع الحقوق محفوظة – تم منح الإذن للمشاركة في مكتبة سولر سبل للأهداف التعليمية,الطالب│Xwendekar│Student,Amadeyî 2,Erdnîgarî,,"Erdnîgariya mirovî, niştecih, zêdebûn û taybet | Erdnîgariya mirovî | niştecih | zêdebûn û taybet | Çavkaniyên xwezayî | Çalakiyên aborî | Şoreş û aboriya dîjîtalî | Destnîşankirina cihan | Kombûnên aborî yên herêmî | Erdnîgarî",الكتاب │ Pirtûk │ Book,,الكردية │ Kurdî │ Kurdish
"Biology and Earth Sciences for the second year of secondary school, national curriculum",علم الأحياء والأرض للصف الثاني الثانوي المنهاج الوطني,11-sci-science.pdf,كتاب علم الاحياء لطلاب الصف الثاني الثانوي ,,,,2026,,True,False,177223129,North and East Syria Educational Collection,AANES,AANES,جميع الحقوق محفوظة – تم منح الإذن للمشاركة في مكتبة سولر سبل للأهداف التعليمية,الطالب│Xwendekar│Student,الصف 11,العلوم علم الاحياء,,المستحاثات | التركيب الضوئي | الفلزات  | الدارة الخلوية | الجينوم | الصانعات الخضراء | جهاز الدوران | الجهاز المناعي | التنفس   | تركيب البروتين في الخلية,كتاب,PDF,اللغة العربية
Philosophy Book - 11th Grade,Pirtûka Felsefeyê (11),Felsefe 11.pdf,Ev pirtûk a beşa felsefeyê ye,,,,,,True,False,1386993,North and East Syria Educational Collection,AANES,AANES,جميع الحقوق محفوظة – تم منح الإذن للمشاركة في مكتبة سولر سبل للأهداف التعليمية,الطالب│Xwendekar│Student,Grade 11 | refa 11 | Amadeyî 2,Felsefe,,Felsefe li Mezopotamyayê | Felsefe li rojhilat | Felsefeya yûnanî | Vac (mentiq) | Mijarên derûnnasiyê (psîkolojî),الكتاب │ Pirtûk │ Book,PDF,الكردية │ Kurdî │ Kurdish
"Mathematics for the second year of secondary school, scientific branch, national curriculum",الرياضيات للصفي الثاني الثانوي الفرع العلمي المنهاج الوطني,11-math2.pdf,كتاب الرياضيات لطلاب الصف الثاني الثانوي,,,,2026,,True,False,80171795,North and East Syria Educational Collection,AANES,AANES,جميع الحقوق محفوظة – تم منح الإذن للمشاركة في مكتبة سولر سبل للأهداف التعليمية,الطالب│Xwendekar│Student,الصف 11,الرياضيات  ,,الأشعة | احداثيات مركز الأبعاد المتناسبة | الزوايا الموجهة | النسب المثلثية | الضوء الهندسي والزوايا الموجهة | المعادلات المثلثية | المستقيم والجداء السلمي | بعد نقطة عن مستقيم,كتاب,PDF,اللغة العربية
"Information and Communication Technology textbook for the second year of secondary school, national curriculum",كتاب تكنولوجيا المعلومات والاتصالات للصف الثاني الثانوي المنهاج الوطني,11-technology.pdf,كتاب تكنولوجيا المعلومات والاتصالات لطلاب الصف الثاني الثانوي,,,,2026,,True,False,34244665,North and East Syria Educational Collection,AANES,AANES,جميع الحقوق محفوظة – تم منح الإذن للمشاركة في مكتبة سولر سبل للأهداف التعليمية,الطالب│Xwendekar│Student,الصف 11,تكنولوجيا المعلومات والاتصالات,,قواعد المعطيات | استثمار الشبكة Lan في قواعد المعطيات | المصفوفات | التنسيقات في لغة Html | الوسائط المتعددة | تحويل الحاسوب إلى مُخدم | منطق الفرضيات | البرمجة المحمولة,كتاب,PDF,اللغة العربية
Physics Book - 11th Grade,Pirtûka Fîzîkê (11),Fîzîk 11.pdf,Ev pirtûk a beşa fîzîkê ye,,,,,,True,False,21150060,North and East Syria Educational Collection,AANES,AANES,جميع الحقوق محفوظة – تم منح الإذن للمشاركة في مكتبة سولر سبل للأهداف التعليمية,الطالب│Xwendekar│Student,Amadeyî 2 | refa 11 | Grade 11,Fîzîk,,Mîkanîk | Elektrîk | Şewq | Fîzîka nûklerî | Magnetîk,الكتاب │ Pirtûk │ Book,PDF,الكردية │ Kurdî │ Kurdish
Chemistry Book - 11th Grade,Pirtûka Kîmyayê (11),Kîmya 11.pdf,Ev pirtûk a beşa kîmyayê ye,,,,,,True,False,44984640,North and East Syria Educational Collection,AANES,AANES,جميع الحقوق محفوظة – تم منح الإذن للمشاركة في مكتبة سولر سبل للأهداف التعليمية,الطالب│Xwendekar│Student,Amadeyî 2 | refa 11 | Grade 11,Kîmya,,kîmya | Kîmyaya dahurandinî | Tabloya peryodîkê | Kîmyaya germahiyê | Kîmyaya Lebatî ,الكتاب │ Pirtûk │ Book,PDF,الكردية │ Kurdî │ Kurdish
Kurdish Language Book - 11th Grade,Pirtûka Zimanê Kurdî (11),Zimanê kurdî 11.pdf,Ev pirtûk a beşa zimanê kurdî ye,,,,,,True,False,1883959,North and East Syria Educational Collection,AANES,AANES,جميع الحقوق محفوظة – تم منح الإذن للمشاركة في مكتبة سولر سبل للأهداف التعليمية,الطالب│Xwendekar│Student,Amadeyî 2 | refa 11 | Grade 11,Zimanê Kurdî,,Xalbendî | hevalnav   | Cihnav | Dem û rawe | Cureyên hevokan,الكتاب │ Pirtûk │ Book,PDF,الكردية │ Kurdî │ Kurdish
Biology Book - 11th Grade,Pirtûka Zindînasî (11),zindînasî 11.pdf,Ev pirtûk a beşa zindînasî ye,,,,,,True,False,31937104,North and East Syria Educational Collection,AANES,AANES,جميع الحقوق محفوظة – تم منح الإذن للمشاركة في مكتبة سولر سبل للأهداف التعليمية,الطالب│Xwendekar│Student,Amadeyî 2 | refa 11 | Grade 11,Zindînasî ,,Pêkhateyên heyînên zindî û  erkên wan | Parvebûna şaneyan | Bertekdayîn li cem heyînên  zindî | Veguhastin li cem heyînên  zindî,الكتاب │ Pirtûk │ Book,PDF,الكردية │ Kurdî │ Kurdish
The Book of Kurdish Literature - 11th Grade,Pirtûka Wêjeya Kurdî (11),WÊJEYA KURDÎ - 11.pdf,Ev pirtûk a beşa wêjeya kurdî ye,,,,,,True,False,6572104,North and East Syria Educational Collection,AANES,AANES,جميع الحقوق محفوظة – تم منح الإذن للمشاركة في مكتبة سولر سبل للأهداف التعليمية,الطالب│Xwendekar│Student,Grade 11 | Amadeyî 2 | refa 11,Wêjeya Kurdî,,helbest  | Dibistanên wêjeyî | Wêjeya kurdî ya nûjen | Wêjeya Cîhanî - Persî | wêjeya kurdî,الكتاب │ Pirtûk │ Book,PDF,الكردية │ Kurdî │ Kurdish
Arabic Language Book - 11th Grade,Pirtûka Zimanê Erebî (11),تعُّليُم ُ الُّلغة العربية.pdf,Ev pirtûk a beşa zimanê erebî ye,,,,,,True,False,2909164,North and East Syria Educational Collection,AANES,AANES,جميع الحقوق محفوظة – تم منح الإذن للمشاركة في مكتبة سولر سبل للأهداف التعليمية,الطالب│Xwendekar│Student,المرحلة الثانوية | الثاني الثانوي | Amadeyî 2 | refa 11 | Grade 11,Fêrbûna Zimanê Erebî | تعليم  اللغة العربية,,الحاَل | البدَل | تعبير | المعارف | أسماء الإشارة | الاسم الموصول | التمييز | أسلوب الاستفهام,الكتاب │ Pirtûk │ Book,PDF, العربية | Arabic
"Mathematics textbook, part two, for the second year of secondary school, national curriculum",كتاب الرياضيات الجزء الثاني للصف الثاني الثانوي المنهاج الوطني,12-sci-math-2.pdf,كتاب الرياضيات الجزء الثاني لطلاب الصف الثاني الثانوي المنهاج الوطني,,,,2026,,True,False,209906874,North and East Syria Educational Collection,AANES,AANES,جميع الحقوق محفوظة – تم منح الإذن للمشاركة في مكتبة سولر سبل للأهداف التعليمية,الطالب│Xwendekar│Student,الصف 12,الرياضيات,,المسافة في الفراغ | المعادلة الديكارتية لمستوٍ | المعادة التربيعية ذات الأمثال الحقيقية | الاحتمالات المشروطة | المتحولات العشوائية | الشكل الأسي لعدد عقدي,كتاب,PDF,اللغة العربية
Emar English Series 10 workbook,عمار سلسلة إنجليزية  كتاب التمارين10 ,10-English-Wb.pdf,كتاب مادة اللغة الانكليزية لطلاب الصف العاشر الثانوي,,,,,,True,False,19302084,North and East Syria Educational Collection,AANES,AANES,جميع الحقوق محفوظة – تم منح الإذن للمشاركة في مكتبة سولر سبل للأهداف التعليمية,الطالب│Xwendekar│Student,الصف 10,انكليزي كتاب التمارين,,المضارع المستمر | المضارع المستمر أو المضارع البسيط. | الماضي البسيط والماضي المستمر | الماضي المستمر | الماضي البسيط | past continuous or simple,,,
Chicken Health Exam,Chicken Health Exam,Chicken Health Exam FINAL.mp4,"In this video, we will see what a healthy chicken looks like, how to know when something is wrong, and what to do if you spot a problem.",,,,2026,,True,False,112398076,Agriculture,Shaela Patel,SolarSPELL,CC BY-NC,Peace Corps Volunteer | Farmer | Extension Workers,Career/Technical,Animal Health,Small Animal,Livestock Health | Poultry farming | Chicken | Veterinary Medicine,Video,Mp4,English
Language Sciences- Part One- Grade 08 ,علوم اللغة - الجزء الأول - الصف الثامن,30085495-Arabic-Language-G8.pdf,This is an Arabic language textbook for eighth-grade students. | هذا كتاب مدرسي للغة العربية لطلاب الصف الثامن,,,,2015,,True,False,1558595,Middle East Educational Library,وزارة التربية والتعليم العالي الفلسطينية |  The Palestinian Ministry of Education and Higher Education , The Palestinian Ministry of Education and Higher Education  | وزارة التربية والتعليم العالي الفلسطينية, Creative Commons | CC BY-NC-SA 4.0 | رخصة المشاع الإبداعي: ​​النسبة,Student | طالب | Teacher  | مدرس,Grade 08 | الصف الثامن,Arabic | اللغة العربية,فنون اللغة | Language Arts ,Sentence Structure | بنية الجملة | Grammar | القواعد | Writing | الكتابة | Reading | القراءة | Verbs  | الأفعال,Textbook | كتاب دراسي,PDF,Arabic |  العربية
Language Sciences – Part Two– Grade 08,علوم اللغة – الجزء الثاني – الصف الثامن,30085508-Arabic-Language-G8-p2.pdf,This is part 2 of the Arabic Language studies textbook for eighth-grade students. | هذا هو الجزء الثاني من كتاب دراسات اللغة العربية لطلاب الصف الثامن.,,,,2015,,True,False,3021280,,,,,,,,,,,,
Language Sciences – Part One– Grade 09,علوم اللغة – الجزء الأول – الصف التاسع,30085492-arabic-G9.pdf,This is part 1 of the Arabic Language studies textbook for Ninth-grade students. | هذا هو الجزء الأول من كتاب دراسات اللغة العربية لطلاب الصف التاسع.,,,,2015,,True,False,983492,,,,,,,,,,,,
Language Sciences – Part Two– Grade 09,علوم اللغة – الجزء الثاني – الصف التاسع,30085527-Arabic-Language-G9-p2.pdf,This is part 2 of the Arabic Language studies textbook for Ninth-grade students. | هذا هو الجزء الثاني من كتاب دراسات اللغة العربية لطلاب الصف التاسع.,,,,2015,,True,False,3506084,,,,,,,,,,,,
Language Sciences – Grade 10,علوم اللغة – الصف العاشر,30085554-Arabic-Language-G10.pdf,This is an Arabic Language studies textbook for tenth-grade students. | هذا كتاب دراسي للغة العربية لطلاب الصف العاشر.,,,,2015,,True,False,4788212,,,,,,,,,,,,
Chicken Diseases and How to Prevent Them,Chicken Diseases and How to Prevent Them,Chicken Diseases and How to Prevent Them FINAL.mp4,Learn about common chicken diseases in East Africa and how to prevent them in your flock.,,,,2026,,True,False,242985965,Agriculture,Shaela Patel,SolarSPELL,CC BY-NC,Farmer | Extension Workers | Peace Corps Volunteer,Career/Technical,Animal Health,Small Animal,Chicken | diseases | Veterinary Medicine | Livestock Health,Video,Mp4,English
Goat Diseases and How to Prevent Them,Goat Diseases and How to Prevent Them,Goat Diseases and How to Prevent Them FINAL.mp4,"Learn about common goat diseases, signs, and how to prevent them.",,,,2026,,True,False,197928256,Agriculture,Shaela Patel,SolarSPELL,CC BY-NC,Farmer | Extension Workers | Peace Corps Volunteer,Career/Technical,Animal Health,Large Animal,Goats | Sheep | Animal health | Livestock Health | Veterinary Medicine,Video,Mp4,English
Menstrual Hygiene Workshop,Menstrual Hygiene Workshop,Menstrual_Hygiene_Workshop.mp4,A video that provides information about menstrual hygiene and menstrual health practices to support awareness and personal hygiene.,,,,2023,,True,False,13000857,General Health Library | General Educational Library,Amrita Vidyalayam Ahmedabad,Amrita Vidyalayam Ahmedabad,Creative Commons,Community Member | Student | Instructor | Healthcare Professional,Middle School Student | Secondary School Student | Adult Education,Health & Safety,Hygiene,Menstrual Health | menstruation | Menstrual Hygiene | personal hygiene | health awareness | Reproductive Health,Video,Mp4,English
Empower Yourself: A Guide to Making Sustainable Cloth Pads at Home,Empower Yourself: A Guide to Making Sustainable Cloth Pads at Home,Guide_to_Making_Sustainable_Cloth_Pads_at_Home.mp4,A video that provides guidance for making reusable cloth menstrual pads at home using sustainable materials.,,,,,,True,False,2671621,,,,,,,,,,,,
Pregnancy Exercises in the Second Trimester,Pregnancy Exercises in the Second Trimester,Pregnancy_Exercises_in_the_Second_Trimester.mp4,A video that povides information about exercises during the second trimester of pregnancy.,,,,,,True,False,2950307,General Health Library | General Educational Library,Kaiser Permanente,Kaiser Permanente,Creative Commons,Community Member | Healthcare Professional,Adult Education,Health & Safety,Physical Activity,Pregnancy | healthy pregnancy  | Exercise  | Exercices | trimester | second trimester | Prenatal | Prenatale Care | Prenatal exercise | Physical activity | Maternal health | prenatal health,Video,Mp4,English
Goat Health Exam,Goat Health Exam,Goat Health Exam FINAL.mp4,"Learn what a healthy goat looks like, how to know when something is wrong, and when to call a veterinarian.",,,,2026,,True,False,150762635,Agriculture,Shaela Patel,SolarSPELL,CC BY-NC,Farmer | Extension Workers | Peace Corps Volunteer,Career/Technical,Animal Health,Large Animal,Goats | Animal health | Veterinary Medicine | Livestock Health | Sheep,Video,Mp4,English
Common Goat Health Problems,Common Goat Health Problems,Common Goat Health Problems FINAL.mp4,Learn about common goat health problems in small farms and how to prevent them.,,,,2026,,True,False,118308736,Agriculture,Shaela Patel,SolarSPELL,CC BY-NC,Farmer | Peace Corps Volunteer | Extension Workers,Career/Technical,Animal Health,Large Animal,Goats | Livestock Health | Veterinary Medicine | Sheep,Video,Mp4,English
Common Chicken Health Problems,Common Chicken Health Problems,Common Chicken Health Problems FINAL.mp4,Learn about common chicken health problems in small farms and how to fix them.,,,,2026,,True,False,122953454,Agriculture,Shaela Patel,SolarSPELL,CC BY-NC,Farmer | Extension Workers | Peace Corps Volunteer,Career/Technical,Animal Health,Small Animal,Chicken | Veterinary Medicine | Livestock Health,Video,Mp4,English